asset_class,gamma,skill,overconfidence,strategy,cagr,cagr_mean,volatility,sharpe,sharpe_p25,sharpe_p75,sortino,max_drawdown,final_multiple,effective_n,turnover,n,beat_risk_only,beat_market_hold,beat_risk_only_cagr,beat_market_hold_cagr
crypto,0.5,0.0,1.0,equal_weight,0.3015600361502324,0.2957061092325421,0.7247088031164944,0.6671626113124558,0.4436515606014521,0.8326901388307049,1.0920152205336455,-0.6799889744219247,2.2041371684032685,5.999999999999999,0.0,40,0.325,0.8,0.425,0.725
crypto,0.5,0.0,1.0,market_hold,0.15454048278050614,0.14887347181156738,0.5407569131006189,0.4647167183994304,0.09941930137308545,0.6126811083368529,0.6574025794918414,-0.6316373148964516,1.538470583910126,1.0,0.0,40,0.2,0.0,0.275,0.0
crypto,0.5,0.0,1.0,risk_only,0.3049447502506074,0.30718076988561993,0.7755090849234769,0.6787087915868288,0.46409168983019555,0.8064427904995038,1.0774265315347145,-0.7093797102938937,2.22077556439964,5.486993130387077,0.01684390937594531,40,0.0,0.8,0.0,0.725
crypto,0.5,0.0,1.0,views_calibrated_conf,0.3303655160001432,0.3224924512482198,0.8058694799359875,0.7055440700286982,0.4718197625273207,0.8275552890278675,1.1309600825402553,-0.7120367493061734,2.3532061335374297,4.180645953194803,0.2899901487615937,40,0.575,0.825,0.525,0.7
crypto,0.5,0.0,1.0,views_full_conf,0.2735910354792831,0.3037885958433516,0.7847194788741868,0.6504487978359152,0.4750360258064404,0.7882579902382774,1.0147131714129092,-0.7201772946719014,2.065163223351684,3.0388482036229743,0.4707890241848316,40,0.475,0.775,0.475,0.725
crypto,0.5,0.0,1.0,views_stated_conf,0.2828660991042683,0.3044904187053946,0.7963912103169559,0.6608518826401047,0.46739311460237715,0.8236513816337316,1.0223182303580134,-0.7156579865471058,2.112132920538703,3.1579560486027205,0.4394580377287593,40,0.475,0.75,0.475,0.725
crypto,0.5,0.0,2.0,equal_weight,0.3015600361502324,0.2957061092325421,0.7247088031164944,0.6671626113124558,0.4436515606014521,0.8326901388307049,1.0920152205336455,-0.6799889744219247,2.2041371684032685,5.999999999999999,0.0,40,0.325,0.8,0.425,0.725
crypto,0.5,0.0,2.0,market_hold,0.15454048278050614,0.14887347181156738,0.5407569131006189,0.4647167183994304,0.09941930137308545,0.6126811083368529,0.6574025794918414,-0.6316373148964516,1.538470583910126,1.0,0.0,40,0.2,0.0,0.275,0.0
crypto,0.5,0.0,2.0,risk_only,0.3049447502506074,0.30718076988561993,0.7755090849234769,0.6787087915868288,0.46409168983019555,0.8064427904995038,1.0774265315347145,-0.7093797102938937,2.22077556439964,5.486993130387077,0.01684390937594531,40,0.0,0.8,0.0,0.725
crypto,0.5,0.0,2.0,views_calibrated_conf,0.3303655160001432,0.3224924512482198,0.8058694799359875,0.7055440700286982,0.4718197625273207,0.8275552890278675,1.1309600825402553,-0.7120367493061734,2.3532061335374297,4.180645953194803,0.2899901487615937,40,0.575,0.825,0.525,0.7
crypto,0.5,0.0,2.0,views_full_conf,0.2735910354792831,0.3037885958433516,0.7847194788741868,0.6504487978359152,0.4750360258064404,0.7882579902382774,1.0147131714129092,-0.7201772946719014,2.065163223351684,3.0388482036229743,0.4707890241848316,40,0.475,0.775,0.475,0.725
crypto,0.5,0.0,2.0,views_stated_conf,0.2821254568974254,0.3098010295572315,0.7862847777209867,0.6632199394673228,0.44961947085330056,0.8740115544081823,1.0143080213936575,-0.7222640611194275,2.106348771820219,3.0719450651429776,0.45729961136208386,40,0.525,0.75,0.55,0.75
crypto,0.5,0.2,1.0,equal_weight,0.3015600361502324,0.2957061092325421,0.7247088031164944,0.6671626113124558,0.4436515606014521,0.8326901388307049,1.0920152205336455,-0.6799889744219247,2.2041371684032685,5.999999999999999,0.0,40,0.325,0.8,0.425,0.725
crypto,0.5,0.2,1.0,market_hold,0.15454048278050614,0.14887347181156738,0.5407569131006189,0.4647167183994304,0.09941930137308545,0.6126811083368529,0.6574025794918414,-0.6316373148964516,1.538470583910126,1.0,0.0,40,0.2,0.0,0.275,0.0
crypto,0.5,0.2,1.0,risk_only,0.3049447502506074,0.30718076988561993,0.7755090849234769,0.6787087915868288,0.46409168983019555,0.8064427904995038,1.0774265315347145,-0.7093797102938937,2.22077556439964,5.486993130387077,0.01684390937594531,40,0.0,0.8,0.0,0.725
crypto,0.5,0.2,1.0,views_calibrated_conf,0.3811285618250292,0.3954889084303539,0.7986394596365216,0.7523754246114683,0.5361768098435831,0.8893727099583311,1.2333589437936028,-0.7004572624985523,2.632199534940788,3.611647863497721,0.36974130195908234,40,0.75,0.825,0.725,0.8
crypto,0.5,0.2,1.0,views_full_conf,0.31527965488892196,0.39256673458139363,0.7791574086445918,0.6949576941723665,0.5471757793798052,0.8674589879722513,1.126922604728135,-0.7051604240498788,2.2742800811849944,3.033898044367704,0.46809826823095446,40,0.65,0.85,0.65,0.8
crypto,0.5,0.2,1.0,views_stated_conf,0.37557609928485725,0.41199234007294755,0.7909609814741063,0.7456847385010001,0.5739706710549223,0.9029087464243108,1.224663103186212,-0.692107667354866,2.602055546514843,3.1266654164984216,0.4411300694237264,40,0.725,0.825,0.725,0.8
crypto,0.5,0.2,2.0,equal_weight,0.3015600361502324,0.2957061092325421,0.7247088031164944,0.6671626113124558,0.4436515606014521,0.8326901388307049,1.0920152205336455,-0.6799889744219247,2.2041371684032685,5.999999999999999,0.0,40,0.325,0.8,0.425,0.725
crypto,0.5,0.2,2.0,market_hold,0.15454048278050614,0.14887347181156738,0.5407569131006189,0.4647167183994304,0.09941930137308545,0.6126811083368529,0.6574025794918414,-0.6316373148964516,1.538470583910126,1.0,0.0,40,0.2,0.0,0.275,0.0
crypto,0.5,0.2,2.0,risk_only,0.3049447502506074,0.30718076988561993,0.7755090849234769,0.6787087915868288,0.46409168983019555,0.8064427904995038,1.0774265315347145,-0.7093797102938937,2.22077556439964,5.486993130387077,0.01684390937594531,40,0.0,0.8,0.0,0.725
crypto,0.5,0.2,2.0,views_calibrated_conf,0.3811285618250292,0.3954889084303539,0.7986394596365216,0.7523754246114683,0.5361768098435831,0.8893727099583311,1.2333589437936028,-0.7004572624985523,2.632199534940788,3.611647863497721,0.36974130195908234,40,0.75,0.825,0.725,0.8
crypto,0.5,0.2,2.0,views_full_conf,0.31527965488892196,0.39256673458139363,0.7791574086445918,0.6949576941723665,0.5471757793798052,0.8674589879722513,1.126922604728135,-0.7051604240498788,2.2742800811849944,3.033898044367704,0.46809826823095446,40,0.65,0.85,0.65,0.8
crypto,0.5,0.2,2.0,views_stated_conf,0.34004261528874113,0.3980080774233847,0.7825546242683054,0.7121727633620623,0.5381128327477858,0.8713538356590991,1.1371900561446582,-0.6729918283264069,2.40501071669887,3.051060505115027,0.45482348302895326,40,0.7,0.825,0.7,0.8
crypto,0.5,0.4,1.0,equal_weight,0.3015600361502324,0.2957061092325421,0.7247088031164944,0.6671626113124558,0.4436515606014521,0.8326901388307049,1.0920152205336455,-0.6799889744219247,2.2041371684032685,5.999999999999999,0.0,40,0.325,0.8,0.425,0.725
crypto,0.5,0.4,1.0,market_hold,0.15454048278050614,0.14887347181156738,0.5407569131006189,0.4647167183994304,0.09941930137308545,0.6126811083368529,0.6574025794918414,-0.6316373148964516,1.538470583910126,1.0,0.0,40,0.2,0.0,0.275,0.0
crypto,0.5,0.4,1.0,risk_only,0.3049447502506074,0.30718076988561993,0.7755090849234769,0.6787087915868288,0.46409168983019555,0.8064427904995038,1.0774265315347145,-0.7093797102938937,2.22077556439964,5.486993130387077,0.01684390937594531,40,0.0,0.8,0.0,0.725
crypto,0.5,0.4,1.0,views_calibrated_conf,0.5043651722671642,0.5073213759562833,0.7957439513909703,0.8525847608092413,0.6168475794119693,0.9800064817017946,1.4120780069893701,-0.6735419834031661,3.400750390224167,3.324196319540431,0.3939986869332751,40,0.9,0.85,0.9,0.875
crypto,0.5,0.4,1.0,views_full_conf,0.42126125233177025,0.5067576163532491,0.7766058915980056,0.7910084847774935,0.6659103802792683,0.9702287130822722,1.2447780047818626,-0.669952822551448,2.868794443890078,3.0340557010190574,0.4441508975359546,40,0.825,0.875,0.825,0.875
crypto,0.5,0.4,1.0,views_stated_conf,0.4535839575799476,0.5235354393142881,0.7868318140998589,0.815142989033375,0.6598167242373735,0.9995663083799011,1.3369318948142088,-0.6712786190776066,3.0688378053537106,3.1000315867183015,0.4334804108489031,40,0.95,0.85,0.95,0.9
crypto,0.5,0.4,2.0,equal_weight,0.3015600361502324,0.2957061092325421,0.7247088031164944,0.6671626113124558,0.4436515606014521,0.8326901388307049,1.0920152205336455,-0.6799889744219247,2.2041371684032685,5.999999999999999,0.0,40,0.325,0.8,0.425,0.725
crypto,0.5,0.4,2.0,market_hold,0.15454048278050614,0.14887347181156738,0.5407569131006189,0.4647167183994304,0.09941930137308545,0.6126811083368529,0.6574025794918414,-0.6316373148964516,1.538470583910126,1.0,0.0,40,0.2,0.0,0.275,0.0
crypto,0.5,0.4,2.0,risk_only,0.3049447502506074,0.30718076988561993,0.7755090849234769,0.6787087915868288,0.46409168983019555,0.8064427904995038,1.0774265315347145,-0.7093797102938937,2.22077556439964,5.486993130387077,0.01684390937594531,40,0.0,0.8,0.0,0.725
crypto,0.5,0.4,2.0,views_calibrated_conf,0.5043651722671642,0.5073213759562833,0.7957439513909703,0.8525847608092413,0.6168475794119693,0.9800064817017946,1.4120780069893701,-0.6735419834031661,3.400750390224167,3.324196319540431,0.3939986869332751,40,0.9,0.85,0.9,0.875
crypto,0.5,0.4,2.0,views_full_conf,0.42126125233177025,0.5067576163532491,0.7766058915980056,0.7910084847774935,0.6659103802792683,0.9702287130822722,1.2447780047818626,-0.669952822551448,2.868794443890078,3.0340557010190574,0.4441508975359546,40,0.825,0.875,0.825,0.875
crypto,0.5,0.4,2.0,views_stated_conf,0.4236798356321675,0.5055945824525356,0.7768302321861256,0.7931022761464399,0.6632285020584451,0.9654510649042043,1.2533834242372905,-0.6663335311189472,2.8838595814193555,3.037527570294073,0.4475409345045328,40,0.825,0.875,0.85,0.9
crypto,1.2,0.0,1.0,equal_weight,0.3015600361502324,0.2957061092325421,0.7247088031164944,0.6671626113124558,0.4436515606014521,0.8326901388307049,1.0920152205336455,-0.6799889744219247,2.2041371684032685,5.999999999999999,0.0,40,0.7,0.8,0.675,0.725
crypto,1.2,0.0,1.0,market_hold,0.15454048278050614,0.14887347181156738,0.5407569131006189,0.4647167183994304,0.09941930137308545,0.6126811083368529,0.6574025794918414,-0.6316373148964516,1.538470583910126,1.0,0.0,40,0.25,0.0,0.25,0.0
crypto,1.2,0.0,1.0,risk_only,0.22326029453298768,0.23651540105696883,0.5925259993426926,0.5676110857484113,0.38148335088205976,0.8022470493040195,0.9116858716050242,-0.6055158604566012,1.8294650082510553,3.3812801580672938,0.009718049056042607,40,0.0,0.75,0.0,0.75
crypto,1.2,0.0,1.0,views_calibrated_conf,0.2800453858769353,0.2788051320110966,0.6733081198203117,0.6389622733791227,0.3811668644048568,0.8367523055847543,1.0250198538381736,-0.6436536182953346,2.0984040994996165,3.521956281393905,0.28881336028517957,40,0.525,0.75,0.475,0.725
crypto,1.2,0.0,1.0,views_full_conf,0.2412657027370454,0.297966108240994,0.7716319481033953,0.6216355302186273,0.4522241571713587,0.825542013563522,0.9639719331343299,-0.7209915217131855,1.9122825999406816,3.084510974115132,0.4692449706884154,40,0.675,0.8,0.575,0.75
crypto,1.2,0.0,1.0,views_stated_conf,0.2563105874718604,0.30342638284296874,0.7583520024338084,0.627518275564925,0.4944960976130705,0.8517237965209926,1.023742265811579,-0.693766065995111,1.9816273347253608,3.2338847660376455,0.4560636184460655,40,0.65,0.8,0.625,0.725
crypto,1.2,0.0,2.0,equal_weight,0.3015600361502324,0.2957061092325421,0.7247088031164944,0.6671626113124558,0.4436515606014521,0.8326901388307049,1.0920152205336455,-0.6799889744219247,2.2041371684032685,5.999999999999999,0.0,40,0.7,0.8,0.675,0.725
crypto,1.2,0.0,2.0,market_hold,0.15454048278050614,0.14887347181156738,0.5407569131006189,0.4647167183994304,0.09941930137308545,0.6126811083368529,0.6574025794918414,-0.6316373148964516,1.538470583910126,1.0,0.0,40,0.25,0.0,0.25,0.0
crypto,1.2,0.0,2.0,risk_only,0.22326029453298768,0.23651540105696883,0.5925259993426926,0.5676110857484113,0.38148335088205976,0.8022470493040195,0.9116858716050242,-0.6055158604566012,1.8294650082510553,3.3812801580672938,0.009718049056042607,40,0.0,0.75,0.0,0.75
crypto,1.2,0.0,2.0,views_calibrated_conf,0.2800453858769353,0.2788051320110966,0.6733081198203117,0.6389622733791227,0.3811668644048568,0.8367523055847543,1.0250198538381736,-0.6436536182953346,2.0984040994996165,3.521956281393905,0.28881336028517957,40,0.525,0.75,0.475,0.725
crypto,1.2,0.0,2.0,views_full_conf,0.2412657027370454,0.297966108240994,0.7716319481033953,0.6216355302186273,0.4522241571713587,0.825542013563522,0.9639719331343299,-0.7209915217131855,1.9122825999406816,3.084510974115132,0.4692449706884154,40,0.675,0.8,0.575,0.75
crypto,1.2,0.0,2.0,views_stated_conf,0.26226378442379406,0.3003379493213714,0.7633720086956044,0.6360405276916485,0.4506575583934625,0.8439247740919085,0.9646454355076928,-0.6866385084606267,2.0103154353123927,3.1353691967504025,0.4688692576251021,40,0.675,0.825,0.55,0.725
crypto,1.2,0.2,1.0,equal_weight,0.3015600361502324,0.2957061092325421,0.7247088031164944,0.6671626113124558,0.4436515606014521,0.8326901388307049,1.0920152205336455,-0.6799889744219247,2.2041371684032685,5.999999999999999,0.0,40,0.7,0.8,0.675,0.725
crypto,1.2,0.2,1.0,market_hold,0.15454048278050614,0.14887347181156738,0.5407569131006189,0.4647167183994304,0.09941930137308545,0.6126811083368529,0.6574025794918414,-0.6316373148964516,1.538470583910126,1.0,0.0,40,0.25,0.0,0.25,0.0
crypto,1.2,0.2,1.0,risk_only,0.22326029453298768,0.23651540105696883,0.5925259993426926,0.5676110857484113,0.38148335088205976,0.8022470493040195,0.9116858716050242,-0.6055158604566012,1.8294650082510553,3.3812801580672938,0.009718049056042607,40,0.0,0.75,0.0,0.75
crypto,1.2,0.2,1.0,views_calibrated_conf,0.35782748115979934,0.35500641942450717,0.7158900557977285,0.7333567066337985,0.4759261811799479,0.8740196330370331,1.1093576277459114,-0.6506239797408391,2.501900120538438,3.413134757252151,0.36894175517525435,40,0.725,0.8,0.725,0.8
crypto,1.2,0.2,1.0,views_full_conf,0.32762740879921004,0.39378570396350143,0.7636391352304435,0.6989987244584069,0.5263606299549455,0.8883389745748695,1.1332410228405305,-0.687429885318162,2.338257554811577,3.0864922081939907,0.4578091264387054,40,0.75,0.85,0.7,0.8
crypto,1.2,0.2,1.0,views_stated_conf,0.3735466147049491,0.4069687691284007,0.7578815450067191,0.7440733873722838,0.5488272337341209,0.9532209910185063,1.1498332912230707,-0.6705184984018964,2.5905285584881845,3.2098905344512727,0.4528035223712896,40,0.775,0.85,0.75,0.85
crypto,1.2,0.2,2.0,equal_weight,0.3015600361502324,0.2957061092325421,0.7247088031164944,0.6671626113124558,0.4436515606014521,0.8326901388307049,1.0920152205336455,-0.6799889744219247,2.2041371684032685,5.999999999999999,0.0,40,0.7,0.8,0.675,0.725
crypto,1.2,0.2,2.0,market_hold,0.15454048278050614,0.14887347181156738,0.5407569131006189,0.4647167183994304,0.09941930137308545,0.6126811083368529,0.6574025794918414,-0.6316373148964516,1.538470583910126,1.0,0.0,40,0.25,0.0,0.25,0.0
crypto,1.2,0.2,2.0,risk_only,0.22326029453298768,0.23651540105696883,0.5925259993426926,0.5676110857484113,0.38148335088205976,0.8022470493040195,0.9116858716050242,-0.6055158604566012,1.8294650082510553,3.3812801580672938,0.009718049056042607,40,0.0,0.75,0.0,0.75
crypto,1.2,0.2,2.0,views_calibrated_conf,0.35782748115979934,0.35500641942450717,0.7158900557977285,0.7333567066337985,0.4759261811799479,0.8740196330370331,1.1093576277459114,-0.6506239797408391,2.501900120538438,3.413134757252151,0.36894175517525435,40,0.725,0.8,0.725,0.8
crypto,1.2,0.2,2.0,views_full_conf,0.32762740879921004,0.39378570396350143,0.7636391352304435,0.6989987244584069,0.5263606299549455,0.8883389745748695,1.1332410228405305,-0.687429885318162,2.338257554811577,3.0864922081939907,0.4578091264387054,40,0.75,0.85,0.7,0.8
crypto,1.2,0.2,2.0,views_stated_conf,0.34605271797375725,0.4002398008107912,0.7615773087391975,0.7138931382260418,0.5306202406017355,0.9248693680388771,1.1179104665303328,-0.6642392645575008,2.4369591364419527,3.1159353385573088,0.4551865010266869,40,0.8,0.85,0.725,0.85
crypto,1.2,0.4,1.0,equal_weight,0.3015600361502324,0.2957061092325421,0.7247088031164944,0.6671626113124558,0.4436515606014521,0.8326901388307049,1.0920152205336455,-0.6799889744219247,2.2041371684032685,5.999999999999999,0.0,40,0.7,0.8,0.675,0.725
crypto,1.2,0.4,1.0,market_hold,0.15454048278050614,0.14887347181156738,0.5407569131006189,0.4647167183994304,0.09941930137308545,0.6126811083368529,0.6574025794918414,-0.6316373148964516,1.538470583910126,1.0,0.0,40,0.25,0.0,0.25,0.0
crypto,1.2,0.4,1.0,risk_only,0.22326029453298768,0.23651540105696883,0.5925259993426926,0.5676110857484113,0.38148335088205976,0.8022470493040195,0.9116858716050242,-0.6055158604566012,1.8294650082510553,3.3812801580672938,0.009718049056042607,40,0.0,0.75,0.0,0.75
crypto,1.2,0.4,1.0,views_calibrated_conf,0.48623144333485424,0.4636848887295281,0.7289014590098606,0.8558401416792851,0.5531488240776585,0.9693966917634547,1.3276465836844373,-0.6475049769905153,3.2793664343162554,3.333269583850913,0.39724076659793633,40,0.925,0.875,0.925,0.875
crypto,1.2,0.4,1.0,views_full_conf,0.46518051243198033,0.49577551420252275,0.7621211660183327,0.8314365562357853,0.6362664462574822,0.987072058876428,1.3230790668679755,-0.6662647837407233,3.150892068475148,3.0839827751416724,0.45210157885374735,40,0.925,0.875,0.95,0.9
crypto,1.2,0.4,1.0,views_stated_conf,0.4868894228149411,0.5071073995477419,0.7583676131450618,0.8421487153641551,0.6473896430223216,1.0020875968460539,1.3677655589281752,-0.6580696204737708,3.283830632640616,3.1758723029937554,0.43428783164223417,40,0.9,0.875,0.925,0.875
crypto,1.2,0.4,2.0,equal_weight,0.3015600361502324,0.2957061092325421,0.7247088031164944,0.6671626113124558,0.4436515606014521,0.8326901388307049,1.0920152205336455,-0.6799889744219247,2.2041371684032685,5.999999999999999,0.0,40,0.7,0.8,0.675,0.725
crypto,1.2,0.4,2.0,market_hold,0.15454048278050614,0.14887347181156738,0.5407569131006189,0.4647167183994304,0.09941930137308545,0.6126811083368529,0.6574025794918414,-0.6316373148964516,1.538470583910126,1.0,0.0,40,0.25,0.0,0.25,0.0
crypto,1.2,0.4,2.0,risk_only,0.22326029453298768,0.23651540105696883,0.5925259993426926,0.5676110857484113,0.38148335088205976,0.8022470493040195,0.9116858716050242,-0.6055158604566012,1.8294650082510553,3.3812801580672938,0.009718049056042607,40,0.0,0.75,0.0,0.75
crypto,1.2,0.4,2.0,views_calibrated_conf,0.48623144333485424,0.4636848887295281,0.7289014590098606,0.8558401416792851,0.5531488240776585,0.9693966917634547,1.3276465836844373,-0.6475049769905153,3.2793664343162554,3.333269583850913,0.39724076659793633,40,0.925,0.875,0.925,0.875
crypto,1.2,0.4,2.0,views_full_conf,0.46518051243198033,0.49577551420252275,0.7621211660183327,0.8314365562357853,0.6362664462574822,0.987072058876428,1.3230790668679755,-0.6662647837407233,3.150892068475148,3.0839827751416724,0.45210157885374735,40,0.925,0.875,0.95,0.9
crypto,1.2,0.4,2.0,views_stated_conf,0.463417975855847,0.49469733134313365,0.7619942144803622,0.8242558278900369,0.6325785144199638,0.9562908621146016,1.322745603890498,-0.6634366882418837,3.1409870323255835,3.092125335707694,0.45376706428729446,40,0.9,0.875,0.95,0.9
crypto,2.5,0.0,1.0,equal_weight,0.3015600361502324,0.2957061092325421,0.7247088031164944,0.6671626113124558,0.4436515606014521,0.8326901388307049,1.0920152205336455,-0.6799889744219247,2.2041371684032685,5.999999999999999,0.0,40,0.75,0.8,0.675,0.725
crypto,2.5,0.0,1.0,market_hold,0.15454048278050614,0.14887347181156738,0.5407569131006189,0.4647167183994304,0.09941930137308545,0.6126811083368529,0.6574025794918414,-0.6316373148964516,1.538470583910126,1.0,0.0,40,0.25,0.0,0.25,0.0
crypto,2.5,0.0,1.0,risk_only,0.22503013493520296,0.23256390695886,0.5909702919639598,0.5686586202297474,0.36733307644501845,0.7933548047497733,0.9069448837958646,-0.6048095243650382,1.83739607203119,3.182112297474371,0.009186257989060316,40,0.0,0.75,0.0,0.75
crypto,2.5,0.0,1.0,views_calibrated_conf,0.3107923092285323,0.26971983500518915,0.6404598499223042,0.680390006887895,0.3014665284665146,0.8602035552449889,1.0296017381772242,-0.6453296232268291,2.2505606148268633,3.29184406851044,0.16666115559012265,40,0.575,0.725,0.6,0.75
crypto,2.5,0.0,1.0,views_full_conf,0.24184043698606483,0.2959158013586962,0.7448508016841933,0.6223830115254473,0.4207055391528313,0.8355309693529717,0.9474456750110278,-0.6893646321574108,1.9143879365553302,3.1470803702296477,0.46722405720992854,40,0.625,0.8,0.55,0.7
crypto,2.5,0.0,1.0,views_stated_conf,0.2954021705290082,0.294059904925711,0.7171142991175218,0.6654371150442262,0.3970046469217631,0.826809023532356,1.0076063742885322,-0.6729616014594884,2.1723071532212948,3.302990294236384,0.41499424916566385,40,0.575,0.775,0.6,0.675
crypto,2.5,0.0,2.0,equal_weight,0.3015600361502324,0.2957061092325421,0.7247088031164944,0.6671626113124558,0.4436515606014521,0.8326901388307049,1.0920152205336455,-0.6799889744219247,2.2041371684032685,5.999999999999999,0.0,40,0.75,0.8,0.675,0.725
crypto,2.5,0.0,2.0,market_hold,0.15454048278050614,0.14887347181156738,0.5407569131006189,0.4647167183994304,0.09941930137308545,0.6126811083368529,0.6574025794918414,-0.6316373148964516,1.538470583910126,1.0,0.0,40,0.25,0.0,0.25,0.0
crypto,2.5,0.0,2.0,risk_only,0.22503013493520296,0.23256390695886,0.5909702919639598,0.5686586202297474,0.36733307644501845,0.7933548047497733,0.9069448837958646,-0.6048095243650382,1.83739607203119,3.182112297474371,0.009186257989060316,40,0.0,0.75,0.0,0.75
crypto,2.5,0.0,2.0,views_calibrated_conf,0.3107923092285323,0.26971983500518915,0.6404598499223042,0.680390006887895,0.3014665284665146,0.8602035552449889,1.0296017381772242,-0.6453296232268291,2.2505606148268633,3.29184406851044,0.16666115559012265,40,0.575,0.725,0.6,0.75
crypto,2.5,0.0,2.0,views_full_conf,0.24184043698606483,0.2959158013586962,0.7448508016841933,0.6223830115254473,0.4207055391528313,0.8355309693529717,0.9474456750110278,-0.6893646321574108,1.9143879365553302,3.1470803702296477,0.46722405720992854,40,0.625,0.8,0.55,0.7
crypto,2.5,0.0,2.0,views_stated_conf,0.26006909769190956,0.2850997921806863,0.736093536548624,0.625272315980045,0.424839009070783,0.8335780962340246,0.9351620624849498,-0.6825091462884385,2.000140668722776,3.2256162915301028,0.4536739622634603,40,0.6,0.8,0.5,0.675
crypto,2.5,0.2,1.0,equal_weight,0.3015600361502324,0.2957061092325421,0.7247088031164944,0.6671626113124558,0.4436515606014521,0.8326901388307049,1.0920152205336455,-0.6799889744219247,2.2041371684032685,5.999999999999999,0.0,40,0.75,0.8,0.675,0.725
crypto,2.5,0.2,1.0,market_hold,0.15454048278050614,0.14887347181156738,0.5407569131006189,0.4647167183994304,0.09941930137308545,0.6126811083368529,0.6574025794918414,-0.6316373148964516,1.538470583910126,1.0,0.0,40,0.25,0.0,0.25,0.0
crypto,2.5,0.2,1.0,risk_only,0.22503013493520296,0.23256390695886,0.5909702919639598,0.5686586202297474,0.36733307644501845,0.7933548047497733,0.9069448837958646,-0.6048095243650382,1.83739607203119,3.182112297474371,0.009186257989060316,40,0.0,0.75,0.0,0.75
crypto,2.5,0.2,1.0,views_calibrated_conf,0.32617137463342305,0.32576455324705683,0.6694958921487668,0.6997093761176982,0.4401498812338712,0.9114000803261578,1.0413184093442203,-0.6276647444773716,2.330971732276996,3.3075102446224003,0.30033787579320487,40,0.8,0.8,0.725,0.775
crypto,2.5,0.2,1.0,views_full_conf,0.3205929923836698,0.3767370355755765,0.7431189141659871,0.6936586784066794,0.5054727229496522,0.8974714369110282,1.104316943107296,-0.6752452449105631,2.301348798737832,3.1239510200354985,0.45809458899560074,40,0.75,0.85,0.7,0.825
crypto,2.5,0.2,1.0,views_stated_conf,0.3726511129320247,0.38798702436166704,0.7253908423238651,0.7421211609687867,0.49846468745304184,0.9360638267581116,1.1596212869956706,-0.6531661003693223,2.5840662789027116,3.276053016547345,0.4269793868743633,40,0.825,0.85,0.8,0.85
crypto,2.5,0.2,2.0,equal_weight,0.3015600361502324,0.2957061092325421,0.7247088031164944,0.6671626113124558,0.4436515606014521,0.8326901388307049,1.0920152205336455,-0.6799889744219247,2.2041371684032685,5.999999999999999,0.0,40,0.75,0.8,0.675,0.725
crypto,2.5,0.2,2.0,market_hold,0.15454048278050614,0.14887347181156738,0.5407569131006189,0.4647167183994304,0.09941930137308545,0.6126811083368529,0.6574025794918414,-0.6316373148964516,1.538470583910126,1.0,0.0,40,0.25,0.0,0.25,0.0
crypto,2.5,0.2,2.0,risk_only,0.22503013493520296,0.23256390695886,0.5909702919639598,0.5686586202297474,0.36733307644501845,0.7933548047497733,0.9069448837958646,-0.6048095243650382,1.83739607203119,3.182112297474371,0.009186257989060316,40,0.0,0.75,0.0,0.75
crypto,2.5,0.2,2.0,views_calibrated_conf,0.32617137463342305,0.32576455324705683,0.6694958921487668,0.6997093761176982,0.4401498812338712,0.9114000803261578,1.0413184093442203,-0.6276647444773716,2.330971732276996,3.3075102446224003,0.30033787579320487,40,0.8,0.8,0.725,0.775
crypto,2.5,0.2,2.0,views_full_conf,0.3205929923836698,0.3767370355755765,0.7431189141659871,0.6936586784066794,0.5054727229496522,0.8974714369110282,1.104316943107296,-0.6752452449105631,2.301348798737832,3.1239510200354985,0.45809458899560074,40,0.75,0.85,0.7,0.825
crypto,2.5,0.2,2.0,views_stated_conf,0.37451270211920706,0.3777993047264182,0.738752089959361,0.7481430909098505,0.5232976786964323,0.8929833891206722,1.159404439101397,-0.6685668562106613,2.5952846485342347,3.176187405764196,0.4526685738988559,40,0.775,0.85,0.7,0.85
crypto,2.5,0.4,1.0,equal_weight,0.3015600361502324,0.2957061092325421,0.7247088031164944,0.6671626113124558,0.4436515606014521,0.8326901388307049,1.0920152205336455,-0.6799889744219247,2.2041371684032685,5.999999999999999,0.0,40,0.75,0.8,0.675,0.725
crypto,2.5,0.4,1.0,market_hold,0.15454048278050614,0.14887347181156738,0.5407569131006189,0.4647167183994304,0.09941930137308545,0.6126811083368529,0.6574025794918414,-0.6316373148964516,1.538470583910126,1.0,0.0,40,0.25,0.0,0.25,0.0
crypto,2.5,0.4,1.0,risk_only,0.22503013493520296,0.23256390695886,0.5909702919639598,0.5686586202297474,0.36733307644501845,0.7933548047497733,0.9069448837958646,-0.6048095243650382,1.83739607203119,3.182112297474371,0.009186257989060316,40,0.0,0.75,0.0,0.75
crypto,2.5,0.4,1.0,views_calibrated_conf,0.3967204239904065,0.40792483829408654,0.690243223514946,0.7731312891088233,0.5334370567212889,0.9656405419481449,1.1946022416201996,-0.6199947056277105,2.722593719252825,3.2798594284134257,0.3589674589241748,40,0.925,0.875,0.875,0.85
crypto,2.5,0.4,1.0,views_full_conf,0.4707374927762067,0.4851687964343127,0.7392916465824253,0.839248889640172,0.6385169300587101,0.9949842687669179,1.3172980285055695,-0.6480717893168719,3.1854291870720823,3.1337004881865145,0.4455734810569394,40,0.925,0.875,0.9,0.875
crypto,2.5,0.4,1.0,views_stated_conf,0.4854900893063345,0.48256510013052567,0.7239444707137679,0.8448666884311177,0.60727935922032,1.0417947427570113,1.3268263851670015,-0.6431310837148094,3.274450313330851,3.2312316457284553,0.4166767120323434,40,0.875,0.85,0.95,0.875
crypto,2.5,0.4,2.0,equal_weight,0.3015600361502324,0.2957061092325421,0.7247088031164944,0.6671626113124558,0.4436515606014521,0.8326901388307049,1.0920152205336455,-0.6799889744219247,2.2041371684032685,5.999999999999999,0.0,40,0.75,0.8,0.675,0.725
crypto,2.5,0.4,2.0,market_hold,0.15454048278050614,0.14887347181156738,0.5407569131006189,0.4647167183994304,0.09941930137308545,0.6126811083368529,0.6574025794918414,-0.6316373148964516,1.538470583910126,1.0,0.0,40,0.25,0.0,0.25,0.0
crypto,2.5,0.4,2.0,risk_only,0.22503013493520296,0.23256390695886,0.5909702919639598,0.5686586202297474,0.36733307644501845,0.7933548047497733,0.9069448837958646,-0.6048095243650382,1.83739607203119,3.182112297474371,0.009186257989060316,40,0.0,0.75,0.0,0.75
crypto,2.5,0.4,2.0,views_calibrated_conf,0.3967204239904065,0.40792483829408654,0.690243223514946,0.7731312891088233,0.5334370567212889,0.9656405419481449,1.1946022416201996,-0.6199947056277105,2.722593719252825,3.2798594284134257,0.3589674589241748,40,0.925,0.875,0.875,0.85
crypto,2.5,0.4,2.0,views_full_conf,0.4707374927762067,0.4851687964343127,0.7392916465824253,0.839248889640172,0.6385169300587101,0.9949842687669179,1.3172980285055695,-0.6480717893168719,3.1854291870720823,3.1337004881865145,0.4455734810569394,40,0.925,0.875,0.9,0.875
crypto,2.5,0.4,2.0,views_stated_conf,0.46580249237390625,0.4864844942153425,0.7392606414574414,0.8341822494420186,0.6375834178916742,0.9957484015605921,1.3271864033677079,-0.6459120520179539,3.1526245614487403,3.1407355176799543,0.4429176274962038,40,0.925,0.875,0.925,0.875
crypto,5.0,0.0,1.0,equal_weight,0.3015600361502324,0.2957061092325421,0.7247088031164944,0.6671626113124558,0.4436515606014521,0.8326901388307049,1.0920152205336455,-0.6799889744219247,2.2041371684032685,5.999999999999999,0.0,40,0.75,0.8,0.65,0.725
crypto,5.0,0.0,1.0,market_hold,0.15454048278050614,0.14887347181156738,0.5407569131006189,0.4647167183994304,0.09941930137308545,0.6126811083368529,0.6574025794918414,-0.6316373148964516,1.538470583910126,1.0,0.0,40,0.25,0.0,0.25,0.0
crypto,5.0,0.0,1.0,risk_only,0.23165021598133573,0.23184134869402265,0.5908983042723086,0.5777747493046754,0.3637463482103996,0.7922658140161991,0.9114201841112719,-0.6045597558770084,1.8673034789801182,3.1106792545146087,0.008339654402046225,40,0.0,0.75,0.0,0.75
crypto,5.0,0.0,1.0,views_calibrated_conf,0.2701073578667951,0.2518104534713655,0.618415390669137,0.635175531694047,0.3384475687836011,0.7959230860794231,0.9996409925749523,-0.6231490554451846,2.048004180577438,3.193894002203958,0.10756517279016767,40,0.6,0.725,0.6,0.725
crypto,5.0,0.0,1.0,views_full_conf,0.26536615870569513,0.2773334040501162,0.7142494055160347,0.6281572159904109,0.4011352844668311,0.8303213085094745,0.9542058416382582,-0.6756630070710015,2.0247443934123464,3.1913934808320255,0.4378945018764998,40,0.55,0.8,0.5,0.725
crypto,5.0,0.0,1.0,views_stated_conf,0.32025398985239517,0.29226619511936036,0.6697565759130703,0.6890923127993551,0.3901062874111123,0.8099331388622921,1.0202255126262914,-0.6526142119908348,2.299560033690291,3.2713507489685245,0.3441294602223173,40,0.6,0.725,0.5,0.675
crypto,5.0,0.0,2.0,equal_weight,0.3015600361502324,0.2957061092325421,0.7247088031164944,0.6671626113124558,0.4436515606014521,0.8326901388307049,1.0920152205336455,-0.6799889744219247,2.2041371684032685,5.999999999999999,0.0,40,0.75,0.8,0.65,0.725
crypto,5.0,0.0,2.0,market_hold,0.15454048278050614,0.14887347181156738,0.5407569131006189,0.4647167183994304,0.09941930137308545,0.6126811083368529,0.6574025794918414,-0.6316373148964516,1.538470583910126,1.0,0.0,40,0.25,0.0,0.25,0.0
crypto,5.0,0.0,2.0,risk_only,0.23165021598133573,0.23184134869402265,0.5908983042723086,0.5777747493046754,0.3637463482103996,0.7922658140161991,0.9114201841112719,-0.6045597558770084,1.8673034789801182,3.1106792545146087,0.008339654402046225,40,0.0,0.75,0.0,0.75
crypto,5.0,0.0,2.0,views_calibrated_conf,0.2701073578667951,0.2518104534713655,0.618415390669137,0.635175531694047,0.3384475687836011,0.7959230860794231,0.9996409925749523,-0.6231490554451846,2.048004180577438,3.193894002203958,0.10756517279016767,40,0.6,0.725,0.6,0.725
crypto,5.0,0.0,2.0,views_full_conf,0.26536615870569513,0.2773334040501162,0.7142494055160347,0.6281572159904109,0.4011352844668311,0.8303213085094745,0.9542058416382582,-0.6756630070710015,2.0247443934123464,3.1913934808320255,0.4378945018764998,40,0.55,0.8,0.5,0.725
crypto,5.0,0.0,2.0,views_stated_conf,0.2822785131225102,0.2852656811126823,0.6971717450034036,0.6520201911068821,0.3964871784352524,0.8289879878015584,1.002364656171139,-0.6553890139468777,2.1069625152428006,3.240040230428262,0.40026870126043984,40,0.6,0.775,0.525,0.725
crypto,5.0,0.2,1.0,equal_weight,0.3015600361502324,0.2957061092325421,0.7247088031164944,0.6671626113124558,0.4436515606014521,0.8326901388307049,1.0920152205336455,-0.6799889744219247,2.2041371684032685,5.999999999999999,0.0,40,0.75,0.8,0.65,0.725
crypto,5.0,0.2,1.0,market_hold,0.15454048278050614,0.14887347181156738,0.5407569131006189,0.4647167183994304,0.09941930137308545,0.6126811083368529,0.6574025794918414,-0.6316373148964516,1.538470583910126,1.0,0.0,40,0.25,0.0,0.25,0.0
crypto,5.0,0.2,1.0,risk_only,0.23165021598133573,0.23184134869402265,0.5908983042723086,0.5777747493046754,0.3637463482103996,0.7922658140161991,0.9114201841112719,-0.6045597558770084,1.8673034789801182,3.1106792545146087,0.008339654402046225,40,0.0,0.75,0.0,0.75
crypto,5.0,0.2,1.0,views_calibrated_conf,0.34696643594750565,0.3104098662866439,0.6424336938679494,0.7220016291665391,0.4176954037536978,0.8595946039379935,1.1436503833198546,-0.6308325906572323,2.4421040669322984,3.2226378302185665,0.20950506481576117,40,0.7,0.75,0.675,0.75
crypto,5.0,0.2,1.0,views_full_conf,0.3798163654856259,0.3704401955979662,0.7163139020713507,0.746393990439221,0.4760743533037215,0.8880561241941517,1.2287272830185096,-0.660032604968521,2.6247098757736724,3.1989852681256545,0.43368008695178495,40,0.75,0.825,0.825,0.85
crypto,5.0,0.2,1.0,views_stated_conf,0.4101919262853101,0.37016638723923073,0.681163361975325,0.784171269194043,0.4754085716505212,0.8690666583683115,1.181222399158039,-0.6327580371029644,2.8017333959848645,3.2635121487983048,0.35705989846005715,40,0.8,0.8,0.725,0.8
crypto,5.0,0.2,2.0,equal_weight,0.3015600361502324,0.2957061092325421,0.7247088031164944,0.6671626113124558,0.4436515606014521,0.8326901388307049,1.0920152205336455,-0.6799889744219247,2.2041371684032685,5.999999999999999,0.0,40,0.75,0.8,0.65,0.725
crypto,5.0,0.2,2.0,market_hold,0.15454048278050614,0.14887347181156738,0.5407569131006189,0.4647167183994304,0.09941930137308545,0.6126811083368529,0.6574025794918414,-0.6316373148964516,1.538470583910126,1.0,0.0,40,0.25,0.0,0.25,0.0
crypto,5.0,0.2,2.0,risk_only,0.23165021598133573,0.23184134869402265,0.5908983042723086,0.5777747493046754,0.3637463482103996,0.7922658140161991,0.9114201841112719,-0.6045597558770084,1.8673034789801182,3.1106792545146087,0.008339654402046225,40,0.0,0.75,0.0,0.75
crypto,5.0,0.2,2.0,views_calibrated_conf,0.34696643594750565,0.3104098662866439,0.6424336938679494,0.7220016291665391,0.4176954037536978,0.8595946039379935,1.1436503833198546,-0.6308325906572323,2.4421040669322984,3.2226378302185665,0.20950506481576117,40,0.7,0.75,0.675,0.75
crypto,5.0,0.2,2.0,views_full_conf,0.3798163654856259,0.3704401955979662,0.7163139020713507,0.746393990439221,0.4760743533037215,0.8880561241941517,1.2287272830185096,-0.660032604968521,2.6247098757736724,3.1989852681256545,0.43368008695178495,40,0.75,0.825,0.825,0.85
crypto,5.0,0.2,2.0,views_stated_conf,0.38825781905591517,0.36910327678073807,0.711106288512523,0.7601145640645286,0.4791918282377565,0.9064606456024342,1.2125207138368217,-0.6494752293843239,2.6731764095604422,3.237459520250165,0.4088516863653415,40,0.8,0.825,0.8,0.85
crypto,5.0,0.4,1.0,equal_weight,0.3015600361502324,0.2957061092325421,0.7247088031164944,0.6671626113124558,0.4436515606014521,0.8326901388307049,1.0920152205336455,-0.6799889744219247,2.2041371684032685,5.999999999999999,0.0,40,0.75,0.8,0.65,0.725
crypto,5.0,0.4,1.0,market_hold,0.15454048278050614,0.14887347181156738,0.5407569131006189,0.4647167183994304,0.09941930137308545,0.6126811083368529,0.6574025794918414,-0.6316373148964516,1.538470583910126,1.0,0.0,40,0.25,0.0,0.25,0.0
crypto,5.0,0.4,1.0,risk_only,0.23165021598133573,0.23184134869402265,0.5908983042723086,0.5777747493046754,0.3637463482103996,0.7922658140161991,0.9114201841112719,-0.6045597558770084,1.8673034789801182,3.1106792545146087,0.008339654402046225,40,0.0,0.75,0.0,0.75
crypto,5.0,0.4,1.0,views_calibrated_conf,0.39347539078794624,0.375731602425218,0.6565093020797412,0.7698239181343103,0.5388247872457724,0.9142364438108522,1.2025287089388512,-0.6225461225683265,2.7037058641095726,3.2592039367293113,0.25918591721671674,40,0.825,0.875,0.775,0.875
crypto,5.0,0.4,1.0,views_full_conf,0.4823990319503816,0.47668747703262176,0.7125466777634702,0.8524337853418864,0.6435809173533688,0.9872079881206905,1.3444703663590727,-0.6164785792177847,3.254408395755926,3.188051051878382,0.41722964078154073,40,0.975,0.875,0.975,0.875
crypto,5.0,0.4,1.0,views_stated_conf,0.4335930708872786,0.44460552874993403,0.6857983961206923,0.8068505423851149,0.6036962579145666,0.9863895868542003,1.291719199390216,-0.6177291511660659,2.9439580515859807,3.252299197473202,0.36685589481875625,40,0.9,0.85,0.975,0.875
crypto,5.0,0.4,2.0,equal_weight,0.3015600361502324,0.2957061092325421,0.7247088031164944,0.6671626113124558,0.4436515606014521,0.8326901388307049,1.0920152205336455,-0.6799889744219247,2.2041371684032685,5.999999999999999,0.0,40,0.75,0.8,0.65,0.725
crypto,5.0,0.4,2.0,market_hold,0.15454048278050614,0.14887347181156738,0.5407569131006189,0.4647167183994304,0.09941930137308545,0.6126811083368529,0.6574025794918414,-0.6316373148964516,1.538470583910126,1.0,0.0,40,0.25,0.0,0.25,0.0
crypto,5.0,0.4,2.0,risk_only,0.23165021598133573,0.23184134869402265,0.5908983042723086,0.5777747493046754,0.3637463482103996,0.7922658140161991,0.9114201841112719,-0.6045597558770084,1.8673034789801182,3.1106792545146087,0.008339654402046225,40,0.0,0.75,0.0,0.75
crypto,5.0,0.4,2.0,views_calibrated_conf,0.39347539078794624,0.375731602425218,0.6565093020797412,0.7698239181343103,0.5388247872457724,0.9142364438108522,1.2025287089388512,-0.6225461225683265,2.7037058641095726,3.2592039367293113,0.25918591721671674,40,0.825,0.875,0.775,0.875
crypto,5.0,0.4,2.0,views_full_conf,0.4823990319503816,0.47668747703262176,0.7125466777634702,0.8524337853418864,0.6435809173533688,0.9872079881206905,1.3444703663590727,-0.6164785792177847,3.254408395755926,3.188051051878382,0.41722964078154073,40,0.975,0.875,0.975,0.875
crypto,5.0,0.4,2.0,views_stated_conf,0.4858784955253288,0.4752770187244191,0.7107393009670948,0.8575764104729826,0.6438724482314611,0.988172574707748,1.337504518397817,-0.6160352536938485,3.279312047782734,3.2040479271800795,0.41573093168666886,40,1.0,0.875,1.0,0.875
crypto,8.0,0.0,1.0,equal_weight,0.3015600361502324,0.2957061092325421,0.7247088031164944,0.6671626113124558,0.4436515606014521,0.8326901388307049,1.0920152205336455,-0.6799889744219247,2.2041371684032685,5.999999999999999,0.0,40,0.725,0.8,0.65,0.725
crypto,8.0,0.0,1.0,market_hold,0.15454048278050614,0.14887347181156738,0.5407569131006189,0.4647167183994304,0.09941930137308545,0.6126811083368529,0.6574025794918414,-0.6316373148964516,1.538470583910126,1.0,0.0,40,0.25,0.0,0.25,0.0
crypto,8.0,0.0,1.0,risk_only,0.23312353619186688,0.23171206759123505,0.5909190387640023,0.5797993685833593,0.36311209763683927,0.7907221210770671,0.9131132749163564,-0.6043078760552039,1.8740136576812227,3.090256125913844,0.00788225978243573,40,0.0,0.75,0.0,0.75
crypto,8.0,0.0,1.0,views_calibrated_conf,0.23961816941679348,0.240706410932868,0.6055913631348916,0.5934892955644188,0.35978304239663483,0.7747337172466815,0.9761872483568379,-0.6322626076089268,1.903908212615348,3.148937665086307,0.07529892640560526,40,0.6,0.75,0.575,0.75
crypto,8.0,0.0,1.0,views_full_conf,0.28066937254686397,0.28265086082858193,0.68997500806393,0.6421292270481008,0.38038548538942085,0.8033920215306091,0.9722890277641001,-0.6607294641319839,2.0990689116242436,3.204508638017292,0.401757677654545,40,0.575,0.725,0.475,0.7
crypto,8.0,0.0,1.0,views_stated_conf,0.29368213056016623,0.28561748827138494,0.6524906554682678,0.6581387989367438,0.39373778338042653,0.8131845815988396,1.029820911702704,-0.6369890741946234,2.1636144393962837,3.238530930301684,0.2795118544715911,40,0.525,0.675,0.55,0.675
crypto,8.0,0.0,2.0,equal_weight,0.3015600361502324,0.2957061092325421,0.7247088031164944,0.6671626113124558,0.4436515606014521,0.8326901388307049,1.0920152205336455,-0.6799889744219247,2.2041371684032685,5.999999999999999,0.0,40,0.725,0.8,0.65,0.725
crypto,8.0,0.0,2.0,market_hold,0.15454048278050614,0.14887347181156738,0.5407569131006189,0.4647167183994304,0.09941930137308545,0.6126811083368529,0.6574025794918414,-0.6316373148964516,1.538470583910126,1.0,0.0,40,0.25,0.0,0.25,0.0
crypto,8.0,0.0,2.0,risk_only,0.23312353619186688,0.23171206759123505,0.5909190387640023,0.5797993685833593,0.36311209763683927,0.7907221210770671,0.9131132749163564,-0.6043078760552039,1.8740136576812227,3.090256125913844,0.00788225978243573,40,0.0,0.75,0.0,0.75
crypto,8.0,0.0,2.0,views_calibrated_conf,0.23961816941679348,0.240706410932868,0.6055913631348916,0.5934892955644188,0.35978304239663483,0.7747337172466815,0.9761872483568379,-0.6322626076089268,1.903908212615348,3.148937665086307,0.07529892640560526,40,0.6,0.75,0.575,0.75
crypto,8.0,0.0,2.0,views_full_conf,0.28066937254686397,0.28265086082858193,0.68997500806393,0.6421292270481008,0.38038548538942085,0.8033920215306091,0.9722890277641001,-0.6607294641319839,2.0990689116242436,3.204508638017292,0.401757677654545,40,0.575,0.725,0.475,0.7
crypto,8.0,0.0,2.0,views_stated_conf,0.2922673800221175,0.28257233522459113,0.6725474691153219,0.6574131287125904,0.38495014610352923,0.790169306106661,1.0102292709881002,-0.6514677679046441,2.156972707606239,3.231445380859502,0.35232884848738666,40,0.625,0.75,0.525,0.65
crypto,8.0,0.2,1.0,equal_weight,0.3015600361502324,0.2957061092325421,0.7247088031164944,0.6671626113124558,0.4436515606014521,0.8326901388307049,1.0920152205336455,-0.6799889744219247,2.2041371684032685,5.999999999999999,0.0,40,0.725,0.8,0.65,0.725
crypto,8.0,0.2,1.0,market_hold,0.15454048278050614,0.14887347181156738,0.5407569131006189,0.4647167183994304,0.09941930137308545,0.6126811083368529,0.6574025794918414,-0.6316373148964516,1.538470583910126,1.0,0.0,40,0.25,0.0,0.25,0.0
crypto,8.0,0.2,1.0,risk_only,0.23312353619186688,0.23171206759123505,0.5909190387640023,0.5797993685833593,0.36311209763683927,0.7907221210770671,0.9131132749163564,-0.6043078760552039,1.8740136576812227,3.090256125913844,0.00788225978243573,40,0.0,0.75,0.0,0.75
crypto,8.0,0.2,1.0,views_calibrated_conf,0.3453566111227323,0.28886304777884086,0.6250951859668893,0.7178380643907971,0.3900550561692977,0.8196276714011649,1.1503885565533891,-0.631701499762743,2.433123200524455,3.1829897007993764,0.1593247453133036,40,0.675,0.75,0.7,0.75
crypto,8.0,0.2,1.0,views_full_conf,0.37387402060015673,0.36623419905102345,0.6923762427729041,0.7509620905257839,0.4866490173150339,0.9112894293057633,1.1527744770125248,-0.6508962719836273,2.5911097653706747,3.2027395170981565,0.39624547331617305,40,0.775,0.825,0.775,0.8
crypto,8.0,0.2,1.0,views_stated_conf,0.3640808942406891,0.35132535038508894,0.6530515305169724,0.7398648243066639,0.4800164059808572,0.8821357662395662,1.1598067377192764,-0.6162781072437862,2.5360121171048133,3.230341398244919,0.29348459138595284,40,0.825,0.775,0.825,0.75
crypto,8.0,0.2,2.0,equal_weight,0.3015600361502324,0.2957061092325421,0.7247088031164944,0.6671626113124558,0.4436515606014521,0.8326901388307049,1.0920152205336455,-0.6799889744219247,2.2041371684032685,5.999999999999999,0.0,40,0.725,0.8,0.65,0.725
crypto,8.0,0.2,2.0,market_hold,0.15454048278050614,0.14887347181156738,0.5407569131006189,0.4647167183994304,0.09941930137308545,0.6126811083368529,0.6574025794918414,-0.6316373148964516,1.538470583910126,1.0,0.0,40,0.25,0.0,0.25,0.0
crypto,8.0,0.2,2.0,risk_only,0.23312353619186688,0.23171206759123505,0.5909190387640023,0.5797993685833593,0.36311209763683927,0.7907221210770671,0.9131132749163564,-0.6043078760552039,1.8740136576812227,3.090256125913844,0.00788225978243573,40,0.0,0.75,0.0,0.75
crypto,8.0,0.2,2.0,views_calibrated_conf,0.3453566111227323,0.28886304777884086,0.6250951859668893,0.7178380643907971,0.3900550561692977,0.8196276714011649,1.1503885565533891,-0.631701499762743,2.433123200524455,3.1829897007993764,0.1593247453133036,40,0.675,0.75,0.7,0.75
crypto,8.0,0.2,2.0,views_full_conf,0.37387402060015673,0.36623419905102345,0.6923762427729041,0.7509620905257839,0.4866490173150339,0.9112894293057633,1.1527744770125248,-0.6508962719836273,2.5911097653706747,3.2027395170981565,0.39624547331617305,40,0.775,0.825,0.775,0.8
crypto,8.0,0.2,2.0,views_stated_conf,0.38384343883325267,0.36842079844519826,0.6828855263298501,0.752427605748692,0.4647052610145018,0.8999871035156857,1.1657578484929847,-0.6395314075985077,2.6477345776206143,3.2225311231021756,0.3669168841397781,40,0.775,0.825,0.775,0.825
crypto,8.0,0.4,1.0,equal_weight,0.3015600361502324,0.2957061092325421,0.7247088031164944,0.6671626113124558,0.4436515606014521,0.8326901388307049,1.0920152205336455,-0.6799889744219247,2.2041371684032685,5.999999999999999,0.0,40,0.725,0.8,0.65,0.725
crypto,8.0,0.4,1.0,market_hold,0.15454048278050614,0.14887347181156738,0.5407569131006189,0.4647167183994304,0.09941930137308545,0.6126811083368529,0.6574025794918414,-0.6316373148964516,1.538470583910126,1.0,0.0,40,0.25,0.0,0.25,0.0
crypto,8.0,0.4,1.0,risk_only,0.23312353619186688,0.23171206759123505,0.5909190387640023,0.5797993685833593,0.36311209763683927,0.7907221210770671,0.9131132749163564,-0.6043078760552039,1.8740136576812227,3.090256125913844,0.00788225978243573,40,0.0,0.75,0.0,0.75
crypto,8.0,0.4,1.0,views_calibrated_conf,0.4072776394179395,0.3471285704344312,0.6421032032805056,0.7863885621420686,0.4936729769209197,0.8876781726872851,1.228677358904922,-0.6160430308018726,2.784857309177898,3.205022187034772,0.2050084156556789,40,0.825,0.8,0.775,0.825
crypto,8.0,0.4,1.0,views_full_conf,0.4643742851726109,0.4562962210126348,0.6861049269378303,0.8424008655894966,0.5796424602194976,0.9745714872045281,1.3201879199521458,-0.6128104229840832,3.1369762256873264,3.196536519175731,0.3794003234660887,40,0.925,0.85,0.95,0.9
crypto,8.0,0.4,1.0,views_stated_conf,0.42867358574788283,0.4215753232989595,0.6641947346728289,0.801358642733712,0.582796367789822,0.9722666115656233,1.217216940266355,-0.6144805753186964,2.9132561612781727,3.242282823832316,0.29855077121146084,40,0.95,0.85,0.975,0.9
crypto,8.0,0.4,2.0,equal_weight,0.3015600361502324,0.2957061092325421,0.7247088031164944,0.6671626113124558,0.4436515606014521,0.8326901388307049,1.0920152205336455,-0.6799889744219247,2.2041371684032685,5.999999999999999,0.0,40,0.725,0.8,0.65,0.725
crypto,8.0,0.4,2.0,market_hold,0.15454048278050614,0.14887347181156738,0.5407569131006189,0.4647167183994304,0.09941930137308545,0.6126811083368529,0.6574025794918414,-0.6316373148964516,1.538470583910126,1.0,0.0,40,0.25,0.0,0.25,0.0
crypto,8.0,0.4,2.0,risk_only,0.23312353619186688,0.23171206759123505,0.5909190387640023,0.5797993685833593,0.36311209763683927,0.7907221210770671,0.9131132749163564,-0.6043078760552039,1.8740136576812227,3.090256125913844,0.00788225978243573,40,0.0,0.75,0.0,0.75
crypto,8.0,0.4,2.0,views_calibrated_conf,0.4072776394179395,0.3471285704344312,0.6421032032805056,0.7863885621420686,0.4936729769209197,0.8876781726872851,1.228677358904922,-0.6160430308018726,2.784857309177898,3.205022187034772,0.2050084156556789,40,0.825,0.8,0.775,0.825
crypto,8.0,0.4,2.0,views_full_conf,0.4643742851726109,0.4562962210126348,0.6861049269378303,0.8424008655894966,0.5796424602194976,0.9745714872045281,1.3201879199521458,-0.6128104229840832,3.1369762256873264,3.196536519175731,0.3794003234660887,40,0.925,0.85,0.95,0.9
crypto,8.0,0.4,2.0,views_stated_conf,0.46775215358523314,0.4545858585928576,0.6846940774969812,0.8463133169266738,0.5849483909017095,0.9744881751458256,1.3144647245547874,-0.6127931451190948,3.1589494777031177,3.2020539624502113,0.37756193954416695,40,0.925,0.85,0.975,0.9
